{
    "rendermode":"binary",
    "camera":
        { 
            "type":"pinhole", 
            "width":600, 
            "height":400,
            "position":[0.0, 0.0, 0.0],
            "lookAt":[0.0, 0, -1.0],
            "upVector":[0.0, 1.0, 0.0],
            "fov":90.0,
            "exposure":0.1
        },
    "scene":
        { 
            "backgroundcolor": [0.0, 0.0, 1], 
            "shapes":[ 
                {
                    "type":"sphere",
                    "center":[0.0, 0.0, -2.0],
                    "radius":1.0
                },
                { 
                    "type":"sphere",
                    "center":[0.0, -100.5, -1.0],
                    "radius":100.0
                }
            ] 
        } 
}